,M128,M64,M32,M16,M8,M4,M2,M1,M0.5,M0.25,M0.125,Purity,WildType
1,0.051251986,0.5872985549,1.0888493542,1.0646417796,1.0709962596,1.0532944875,1.1159316411,1.0594976811,1,1,1,93.39,1
2,0.0751569698,0.6220969535,1.127581488,1.0653982478,1.0487555761,1.0290868768,1.042854986,1.0566230049,1,1,1,93.76,1
3,0.0007186648,0.2544443591,1.0861259825,1.0585898905,1.0030637391,1.0263635231,1.0293895218,1.0112338003,1,1,1,92.89,1
4,0.0032907186,0.0031394187,-0.0003404178,-3.78235744051672E-005,-0.0010969062,0.0001134764,1.0336258298,1.0197065064,1,1,1,55.52,0
5,0.0032907186,0.0055601782,0.0004160706,0.0005673649,-0.0013995004,0.0026855301,1.0135032767,1.0787124435,1,1,1,49.81,0
6,-0.0018533946,0.025228837,-0.000643012,-0.0026098774,-0.0001891235,0.0028368244,0.7519100873,1.0051818931,1,1,1,56.14,0
7,0.0111581799,0.0079809377,0.0038959071,0.0023829359,-0.0017020947,0.0013238533,0.9920190919,0.9911112472,1,1,1,54.25,0
8,0.8941296805,0.9986761087,0.9929268465,1.0057870928,1.0175882622,1.0246992464,1.0088130915,0.9911112472,1,1,1,49.6,0
9,-0.000794312,0.5894167539,1.0203116159,1.016075308,1.0281791223,1.0248505689,1.0080565693,0.9886905385,1,1,1,27.45,0
10,-0.0021559888,0.3836523158,1.0310537985,1.0248505689,1.0115364452,1.0184961069,1.0135032767,1.0038202613,1,1,1,59.12,0
11,0.0004160706,0.0303729446,-0.0003404178,0.0004160706,-0.0012482005,1.0304485988,1.0413420137,1.0085104466,1,1,1,34.21,0
12,0.0269558547,-0.005010791,0.0426100037,0.0044255892,0.0006217792,0.0014995802,0.9945869016,0.9928312668,1,1,1,26.69,0
13,-0.0011472242,-0.0013001904,-0.0039005712,-0.0019120441,-0.004971318,-0.0016061172,1.0379349942,1.0227915397,1,1,1,45.19,0
14,0.0667686442,0.0254684492,0.0094072654,0.0039005769,-0.028650095,-0.0016061172,1.0420649693,1.0128489835,1,1,1,95.08,0
15,-0.0048183517,0.8708986648,1.0417590824,1.0264627518,1.0278394034,1.028145336,1.0388527462,1.0273804819,1,1,1,94.53,0
16,-0.0031357513,-0.0011472242,0.6423709474,1.0110133884,1.0394646113,1.034875669,1.0246271348,1.0212619226,1,1,1,97.54,0
17,0.0017590835,-0.0011472242,0.6989675062,1.0270745949,1.0446654185,1.0264627299,1.0240152697,1.0336520301,1,1,1,91.88,0
18,-0.0019120441,-0.0042064981,-0.007265772,-0.0020650103,-0.0025238977,1.0439005644,1.0279923469,1.0386998483,1,1,1,39.72,0
19,1.0134607574,0.9920458457,1.0137667355,1.0093307823,1.030133829,1.0279923469,1.0104015233,1.0431357103,1,1,1,59.66,0
20,-0.0008412973,0.0005353762,-0.0029827908,-0.0016061172,0.3301720762,1.029827942,1.0214149117,1.0331931542,1,1,1,52.84,0
21,1.0665392062,1.0351816471,1.0334990411,1.0342638952,1.0278393578,1.0183556777,1.0203441707,1.0224856527,1,1,1,51.76,0
22,-0.0046653912,0.7153345997,0.9534990776,1.0206500576,1.0278393834,1.0244741457,1.0354875341,1.0194264187,1,1,1,92.18,0
23,0.0308221771,0.0138432129,-0.0016061172,0.8176673181,1.0449713054,1.0708221703,1.0214149117,1.0146844874,1,1,1,80.61,0
24,-0.0024505327,0.0012069799,-0.0014264288,0.9593284907,0.9893200843,0.8605757102,0.9847847161,0.9761530411,1,1,1,70.22,0
25,0.0015668706,0.0054467436,0.0006715168,0.0011191965,0.9891438383,0.9848162809,0.968102965,0.989740752,1,1,1,40.38,0
26,-0.0008207396,0.00246223,-0.0003730655,0.0003730655,1.0124230267,0.9934713957,1.0004850202,0.9979481148,1,1,1,68.17,0
27,0.01260959,0.0058944224,7.46142087678766E-005,0.001716099,0.887819455,0.9985450285,0.9952620478,1.0149599321,1,1,1,62.62,0
28,0.0005222883,0.0133557154,-0.0005222883,0.0021637731,-0.0014176477,0.9961574628,0.9955605491,1.0066032296,1,1,1,38.68,0
29,0.0003730655,1.0767393851,0.9369147372,0.9952620478,1.0043648256,1.0022756722,0.9977989531,1.0046633269,1,1,1,57,0
30,0.0041037148,0.004402166,0.0012684193,0.0006715168,-0.0015668706,0.0035068067,1.0106323747,1.0040664132,1,1,1,91.71,0
31,-0.0020145503,0.001716099,0.0002238371,0.0014176477,0.7153143395,1.0021265105,0.9976497025,1.0061555666,1,1,1,58.69,0
32,0.0063421021,0.0041037148,-0.0015668706,0.0014176477,-0.001716099,0.0041037148,1.0124230267,1.0085432213,1,1,1,94.09,0
33,-0.0012684193,0.0008207452,-0.0015668706,0.0008207452,-0.000969968,0.4283529179,0.9980973655,1.0115277007,1,1,1,63.91,0
34,0.0155941084,0.0003730655,-0.0020145503,0.0003730655,-0.0006715168,1.0015295968,0.9995896052,1.0161536704,1,1,1,86.09,0
35,-0.0015668706,1.0371945438,0.9880992616,0.9824286262,0.9980973655,1.007797057,0.9898899137,1.0200335648,1,1,1,59.1,0
36,0.0007680766,0.0003291788,0.128195741,0.9672287166,0.9846384786,1.0033649014,1.0121429011,1.008046507,1,1,1,75.15,0
37,-0.0040080949,0.6224758506,1.0012978691,1.00099244,0.9860289599,0.9887773672,0.9674008761,0.9646524688,1,1,1,86.96,0
38,-0.0014123738,0.0014887197,0.000419894,1.0182463656,0.9901515253,0.9878611707,0.9812955361,1.0075580746,1,1,1,37.55,0
39,-0.0020231354,-0.0017177517,0.0095812498,0.807840629,0.9919838272,1.0177883129,0.9964118218,0.9896934726,1,1,1,61.84,0
40,0.6731686712,0.9918311126,1.0145818529,0.984196658,0.9883192235,1.0122914983,0.9910676308,0.9761041507,1,1,1,81.8,0
41,-0.0055349847,-0.0021758215,-0.0041607811,-0.0030919554,-0.0062984325,0.7597434557,0.9991602291,0.9735083669,1,1,1,62.3,0
42,0.0097339359,-0.0046188508,-0.0053822986,-0.0029392692,-0.0033973333,1.0332099367,0.9886246526,0.9991602291,1,1,1,37.84,0
43,-0.0055349847,1.0272549784,1.0405389622,1.0269496403,1.0035882237,1.0345840949,1.00099244,0.9866397272,1,1,1,62.47,0
44,-0.0055349847,-0.0021758215,0.4737565182,0.9670954469,1.0347368095,1.0309195822,1.0066419691,1.0466465441,1,1,1,54.19,0
45,1.0203840057,1.0435927987,1.0422185495,1.024201233,1.022063593,1.0345840949,0.9983967472,0.9947322345,1,1,1,76.74,0
46,0.0231705944,0.000114516,0.000419886,-0.0008016178,-0.0040080949,1.0092376619,0.9959537691,0.9948848581,1,1,1,81.5,0
47,0.0066801563,-0.0061457406,-0.0011069958,-0.0023285133,-0.0020231354,0.9736610815,0.9741191342,0.9959537691,1,1,1,53.72,0
48,0.0038403885,0.0007680766,-0.0015727317,0.4051424702,0.9944405769,1.0087780433,1.0077539448,1.0011703796,1,1,1,50.97,0
49,-0.0024424699,0.7197649116,1.0348432964,1.0498034409,1.0340800804,1.0319429299,1.0281264857,1.0177460014,1,1,1,69.77,0
50,0.0404533847,0.0045796261,-0.0010685809,-0.0001526569,-0.0006106161,0.9812616722,0.9401976828,1.0232415572,1,1,1,59.97,0
51,0.0381635501,0.064878061,0.0025951211,0.0010685809,-0.0012212321,0.4634583932,0.8136473092,1.0360645513,1,1,1,46.88,0
52,0.0041216669,0.006716788,0.0010685809,0.001373889,-0.0006106161,0.0006106161,0.0001526512,1.0359118717,1,1,1,92.7,0
53,0.9943899344,0.9383658005,1.0064496214,1.0139296482,1.0311796228,1.0087394515,0.9995802221,1.0207991385,1,1,1,61.81,0
54,-0.003358394,-0.000305308,-0.0232034419,-0.000305308,-0.0029004291,0.0007632729,1.0388123292,1.0194252041,1,1,1,72.99,0
55,1.0102659746,1.0175934128,1.0324008777,0.9705758287,1.0313323024,0.9948478823,0.9785138943,1.0062969418,1,1,1,91.43,0
56,0.0061061806,-0.0150059166,-0.001984505,0.0009159241,-0.0010685809,1.010876602,1.0011067452,1.015150903,1,1,1,29.73,0
57,0.775636366,1.0380490222,1.0078234649,0.9678280507,1.026447374,1.0069075692,1.0209518181,1.0174407332,1,1,1,87.63,0
58,-0.0015265458,-0.0010685809,0.9966797645,1.0226309298,1.0328588255,1.0059916736,1.0027859478,1.0124031251,1,1,1,33.68,0
59,-0.0009159241,0.0006106161,-0.0018318539,0.0021371619,0.9125672238,1.0262946944,1.0073655171,1.0220203934,1,1,1,43.68,0
60,0.0001828759,0.0012069799,-0.0011338284,0.9859551394,1.0036574636,1.0118503389,1.0127281127,1.012581788,1,1,1,93.51,0
61,-0.0058033647,0.9467076285,1.0290927141,1.0330375088,1.0222651743,1.0256030706,1.030913319,1.0108860318,1,1,1,87.53,0
62,0.0007206806,0.000568956,-0.0041344222,-0.0018585926,-0.0054999211,-0.0006448183,1.0331891656,1.0095205781,1,1,1,89.02,0
63,-0.0045895904,0.0011758488,-0.0033758161,-0.0059550893,-0.0041344222,-0.0020103172,1.0075481356,1.0208997206,1,1,1,90.96,0
64,1.0359201634,1.0239341224,1.0234789712,1.0316719647,1.0266651203,1.0243892737,1.025906565,1.0174100771,1,1,1,95.19,0
65,-0.0033758161,-0.0010999865,-0.0038309786,-0.0020103172,0.8632604932,1.0225686688,1.0199894182,1.0040585825,1,1,1,56.14,0
66,-0.0059550893,-0.0035275351,0.989796695,0.9938931465,0.9967758915,0.9957138419,0.9996586366,0.9992034853,1,1,1,64.61,0
67,-0.0054999211,0.4712107408,0.9705279631,0.9817554488,0.982514004,0.9995068894,0.9841829522,0.9800865007,1,1,1,63.19,0
68,-0.0053482022,-0.0029206479,-0.0045895904,-0.0030723725,-0.0042861468,1.0022378872,0.9853967491,1.0017827359,1,1,1,82.87,0
69,-0.0045895904,-0.0018585926,-0.0036792597,1.0392580596,1.0204445694,1.0240858697,1.0192307725,1.0139205241,1,1,1,89.86,0
70,-0.0038309786,-0.0033758161,0.3122060597,0.9671900668,1.004665481,1.0054240362,0.9829691553,1.0087619325,1,1,1,93.74,0
71,-0.004893034,0.0239341564,-0.0045895904,-0.0032240915,-0.0073205882,-0.0003413747,0.9998103838,1.0113411831,1,1,1,91.9,0
72,-0.0028894305,-0.0011338284,0.032222672,0.0038403885,1.0122892258,1.0064371969,1.0291137762,1.015946733,1,1,1,91.75,0
73,1.0243563915,1.0192523943,1.0060422011,1.0291601062,1.0318622014,1.0285596307,1.0263078699,1.0025894892,1,1,1,48.73,0
74,0.0540043478,0.0026645626,-0.0027396221,0.0002627052,-0.0018389255,0.4611198765,1.0356151063,1.018501867,1,1,1,68.98,0
75,0.0076184018,0.0004128185,-0.0018389255,0.0160999744,-0.0019890444,0.0001125864,0.9989867255,0.9890790135,1,1,1,65.49,0
76,0.0080687529,0.0011634018,0.9611573936,0.9941830108,0.9700142958,0.9787209673,0.9947834863,0.9902799646,1,1,1,84.07,0
77,0.0118216634,0.0014636339,-0.0012384612,0.001313515,0.7687082532,0.9904301058,1.0003377283,0.9898296303,1,1,1,92.4,0
78,-0.0013885745,0.1011408825,0.8623808248,0.9971852989,0.9623583447,0.9880282037,0.999587201,0.9950836793,1,1,1,86.67,0
79,-0.0016888067,0.6909479698,0.978270633,1.0024394374,0.9787209673,0.9920813912,0.993132201,0.9953839618,1,1,1,45.9,0
80,-0.0013885745,-0.0007881101,-0.0019890444,0.0011634018,-0.0018389255,0.9925317254,0.9959843479,1.0066426766,1,1,1,53.76,0
81,-3.7526924295941E-005,-0.0007881101,-0.0022892766,0.9129700155,0.9892291548,0.986226863,0.9970352472,1.0148990138,1,1,1,62.78,0
82,-0.0015386934,-3.7526924295941E-005,0.1260601919,1.0159498236,0.9953839618,1.0052915843,0.9997373423,1.0111461089,1,1,1,53.52,0
83,-0.0018389255,0.0007130507,-0.0019890444,0.0010132829,0.0014636339,0.0029647948,1.0153494376,1.0213540139,1,1,1,45.3,0
84,0.0031088849,0.0481694159,0.0006217792,0.0004754763,0.0105702076,1.0100947041,0.9969276608,0.9882959858,1,1,1,61.95,0
85,0.0467341079,0.0221024809,-0.0004765032,-0.0007697363,0.0048016987,0.6185396918,0.9604500834,0.9526794135,1,1,1,70.85,0
86,0.0048016987,0.0027490668,-0.0070742623,-0.0064877961,-0.0078073479,0.950919982,0.9842020164,0.974671915,1,1,1,61.93,0
87,0.0042152324,0.006561103,-0.0064877961,-0.0075141148,0.0484935067,-0.0059013298,0.9570779488,0.9644087826,1,1,1,90.32,0
88,0.9868411201,0.9774576598,0.9620628738,0.9586907392,0.9630891871,0.9538523679,0.9724726474,0.9726192885,1,1,1,48.82,0
89,0.8650026026,0.9645553363,0.9636756643,0.9688072304,0.9842020164,0.9673410812,0.9651418135,0.9564914716,1,1,1,67.95,0
90,-0.0061945629,-0.004581778,-0.0075141148,-0.001796055,0.9773110187,0.9866944789,0.9704200209,0.9995968024,1,1,1,65.73,0
91,-0.0078073479,-0.0051682442,-0.006927643,-0.004581778,-0.006927643,0.9921193274,0.9534125319,0.9726192885,1,1,1,60.66,0
92,-0.0064877961,-0.0050216249,-0.0057547105,0.9494538327,0.9745253612,0.9805365995,0.9710064981,0.9768711826,1,1,1,95.52,0
93,-0.0041419255,0.6889157751,0.9710064981,0.9985704892,0.9903598959,0.9891870289,0.9711531392,1.0053148458,1,1,1,90.98,0
94,-0.002968993,-0.0023825213,0.6268968389,0.9717396164,0.993878759,0.9644087826,0.9749651973,0.9997434435,1,1,1,58.01,0
95,1.0075141134,0.9567846665,0.9871344024,0.9756982282,0.9919726863,0.997984012,0.9815629128,1.0076607545,1,1,1,86.1,0
96,-0.0008412281,-0.0017190291,-0.0030357335,0.0023773813,0.4371822608,1.0140448606,1.0245784952,1.0156541708,1,1,1,76.53,0
